<?xml version="1.0" encoding="UTF-8"?>
<tt:RuleDescription xmlns:tt="http://www.onvif.org/ver10/schema" 
    xmlns:xs="http://www.w3.org/2001/XMLSchema"
    xmlns:sns="http://www.synesis.ru/onvif/VideoAnalytics"
    Name="sns:RegionRule">
    <tt:Parameters>
        <tt:ElementItemDescription Name="Points" Type="sns:RegionPoints"/>
        <tt:ElementItemDescription Name="DirectionAlarm" Type="sns:DirectionAlarm"/>
        <tt:ElementItemDescription Name="SpeedAlarm" Type="sns:RunningAlarm"/>
        <tt:ElementItemDescription Name="LoiteringAlarm" Type="sns:LoiteringAlarm"/>
        <tt:ElementItemDescription Name="AbandonedItemAlarm" Type="sns:AbandonedItemAlarm"/>
        <tt:ElementItemDescription Name="RegionMotionAlarm" Type="sns:RegionMotionAlarm"/>
    </tt:Parameters>
    <tt:Messages isProperty="true">
        <tt:Source>
            <tt:SimpleItemDescription Name="VideoSourceToken"
                Type="tt:ReferenceToken"/>
            <tt:SimpleItemDescription Name="RuleName" Type="xs:string"/>
        </tt:Source>
        <tt:Data>
            <tt:SimpleItemDescription Name="PositionX" Type="xs:string"/>
            <tt:SimpleItemDescription Name="PositionY" Type="xs:string"/>
            <tt:SimpleItemDescription Name="ObjectId" Type="xs:int"/>
            <tt:SimpleItemDescription Name="Speed" Type="xs:float"/>
            <tt:SimpleItemDescription Name="Activated" Type="xs:boolean"/>
            <tt:SimpleItemDescription Name="Timestamp" Type="xs:string"/>
        </tt:Data>
        <tt:ParentTopic>
            tns1:VideoAnalytics/tnssynesis:RegionMotionAlarm
        </tt:ParentTopic>
    </tt:Messages>
    <tt:Messages isProperty="true">
        <tt:Source>
            <tt:SimpleItemDescription Name="VideoSourceToken"
                Type="tt:ReferenceToken"/>
            <tt:SimpleItemDescription Name="RuleName" Type="xs:string"/>
        </tt:Source>
        <tt:Data>
            <tt:SimpleItemDescription Name="PositionX" Type="xs:string"/>
            <tt:SimpleItemDescription Name="PositionY" Type="xs:string"/>
            <tt:SimpleItemDescription Name="ObjectId" Type="xs:int"/>
            <tt:SimpleItemDescription Name="Speed" Type="xs:float"/>
            <tt:SimpleItemDescription Name="Activated" Type="xs:boolean"/>
            <tt:SimpleItemDescription Name="Timestamp" Type="xs:string"/>
        </tt:Data>
        <tt:ParentTopic>
            tns1:VideoAnalytics/tnssynesis:SpeedAlarm
        </tt:ParentTopic>
    </tt:Messages>
    <tt:Messages isProperty="true">
        <tt:Source>
            <tt:SimpleItemDescription Name="VideoSourceToken"
                Type="tt:ReferenceToken"/>
            <tt:SimpleItemDescription Name="RuleName" Type="xs:string"/>
        </tt:Source>
        <tt:Data>
            <tt:SimpleItemDescription Name="PositionX" Type="xs:string"/>
            <tt:SimpleItemDescription Name="PositionY" Type="xs:string"/>
            <tt:SimpleItemDescription Name="ObjectId" Type="xs:int"/>
            <tt:SimpleItemDescription Name="Speed" Type="xs:float"/>
            <tt:SimpleItemDescription Name="Activated" Type="xs:boolean"/>
            <tt:SimpleItemDescription Name="Timestamp" Type="xs:string"/>
        </tt:Data>
        <tt:ParentTopic>
            tns1:VideoAnalytics/tnssynesis:AbandonedAlarm
        </tt:ParentTopic>
    </tt:Messages>
    <tt:Messages isProperty="true">
        <tt:Source>
            <tt:SimpleItemDescription Name="VideoSourceToken"
                Type="tt:ReferenceToken"/>
            <tt:SimpleItemDescription Name="RuleName" Type="xs:string"/>
        </tt:Source>
        <tt:Data>
            <tt:SimpleItemDescription Name="PositionX" Type="xs:string"/>
            <tt:SimpleItemDescription Name="PositionY" Type="xs:string"/>
            <tt:SimpleItemDescription Name="ObjectId" Type="xs:int"/>
            <tt:SimpleItemDescription Name="Speed" Type="xs:float"/>
            <tt:SimpleItemDescription Name="Activated" Type="xs:boolean"/>
            <tt:SimpleItemDescription Name="Timestamp" Type="xs:string"/>
        </tt:Data>
        <tt:ParentTopic>
            tns1:VideoAnalytics/tnssynesis:LoiteringAlarm
        </tt:ParentTopic>
    </tt:Messages>
    <tt:Messages isProperty="true">
        <tt:Source>
            <tt:SimpleItemDescription Name="VideoSourceToken"
                Type="tt:ReferenceToken"/>
            <tt:SimpleItemDescription Name="RuleName" Type="xs:string"/>
        </tt:Source>
        <tt:Data>
            <tt:SimpleItemDescription Name="PositionX" Type="xs:string"/>
            <tt:SimpleItemDescription Name="PositionY" Type="xs:string"/>
            <tt:SimpleItemDescription Name="ObjectId" Type="xs:int"/>
            <tt:SimpleItemDescription Name="Speed" Type="xs:float"/>
            <tt:SimpleItemDescription Name="Activated" Type="xs:boolean"/>
            <tt:SimpleItemDescription Name="Timestamp" Type="xs:string"/>
        </tt:Data>
        <tt:ParentTopic>
            tns1:VideoAnalytics/tnssynesis:DirectionAlarm
        </tt:ParentTopic>
    </tt:Messages>
</tt:RuleDescription>
