﻿<?xml version="1.0" encoding="utf-8"?>
<localized-strings lang-iso3="eng" name="default">
    <!--v 2.0-->
    <module name="LocalEngineControlsInputsCreation" namespace="odm.ui">
        <string name="input" value="Inputs:" />
    </module>
    <module name="LocalEngineControlsUpdating" namespace="odm.ui">
        <string name="controlname" value="Control name:" />
        <string name="vac" value="Video Analytics Configuration" />
        <string name="configure" value="Configure Inputs" />
    </module>
    <module name="LocalEngineControlsVACSelection" namespace="odm.ui">
        <string name="vac" value="VAC" />
        <string name="details" value="Details" />
    </module>
    <module name="LocalEngineControl" namespace="odm.ui">
        <string name="name" value="Name" />
        <string name="mode" value="Mode" />
        <string name="status" value="Status" />
        <string name="vac" value="VAC" />
        <string name="details" value="Details" />
    </module>
    <module name="LocalVideoPlayer" namespace="odm.ui">
        <string name="noSignal" value="NO SIGNAL" />
    </module>
    <module name="LocalSystemLog" namespace="odm.ui">
        <string name="logTypeSystem" value="System" />
        <string name="logTypeAccess" value="Access" />
        <string name="logType" value="Select system log type: " />
        <string name="Get" value="Get" />
        <string name="Save" value="Save" />
        <string name="titleSaveLog" value="Save system log" />
        <string name="titleSaveAttach" value="Save attachment" />
        <string name="syslogNotFound" value="Log has not been found" />
    </module>
    <module name="LocalImaging" namespace="odm.ui">
        <string name="title" value="Sensor settings" />
        <string name="imagingSettings" value="Imaging Settings" />
        <string name="autoFocusMode" value="Focus Mode"/>
        <string name="brightness" value="Brightness" />
        <string name="saturation" value="Color saturation" />
        <string name="contrast" value="Contrast" />
        <string name="sharpness" value="Sharpness" />
        <string name="gain" value="Gain" />
        <string name="gainMax" value="Gain max" />
        <string name="gainMin" value="Gain min" />
        <string name="iris" value="Iris" />
        <string name="irisMax" value="Iris max" />
        <string name="irisMin" value="Iris min" />
        <string name="whitemode" value="White balance mode" />
        <string name="whiteBalanceCb" value="White balance Cb" />
        <string name="whiteBalanceCr" value="White balance Cr" />
        <string name="backlightMode" value="Backlight compensation Mode" />
        <string name="backlightLevel" value="Backlight compensation Level" />
        <string name="focusSettings" value="Focus Settings" />
        <string name="focusPosition" value="Position" />
        <string name="status" value="State" />
        <string name="statusSuccess" value="OK" />
        <string name="statusWaiting" value="Waiting..." />
        <string name="auto" value="Auto" />
        <string name="min" value="min" />
        <string name="max" value="max" />
    </module>
    <module name="LocalMetadata" namespace="odm.ui">
        <string name="title" value="Metadata" />
        <string name="empty" value="No metadata available" />
        <string name="details" value="Metadata details" />
        <string name="config" value="Filters" />
        <string name="includeAnalitycs" value="Include analitycs" />
        <string name="includePtzPosition" value="Include PTZ position" />
        <string name="includePtzStatus" value="Include PTZ status" />
        <string name="includeEvents" value="Include events" />
        <string name="filter" value="Filters:" />
        <string name="expressionSettings" value="Filter expression settings:" />
        <string name="expression" value="Expression" />
        <string name="expressionType" value="Expression type" />
        <string name="expressionDialect" value="Expression dialect" />
        <string name="additionalSet" value="More details:" />
        <string name="prefixList" value="Prefix list" />
        <string name="topicSets" value="TopicSet" />
        <string name="addFilter" value="Add filter" />
        <string name="collect" value="Collect data" />
    </module>
    <module name="LocalPTZ" namespace="odm.ui">
        <string name="presets" value="Presets:" />
        <string name="settings" value="Settings:" />
        <string name="quicksets" value="Quick sets:" />
        <string name="zoom" value="Relative Zoom:" />
        <string name="absoluteZoom" value="Absolute Zoom:" />
        <string name="relativemove" value="Relative move:" />
        <string name="absolute" value="Absolute move:" />
        <string name="select" value="Select" />
        <string name="delete" value="Delete" />
        <string name="apply" value="Apply" />
        <string name="go_to" value="Goto" />
        <string name="sethome" value="Set Home position" />
        <string name="setpreset" value="Set Preset" />
        <string name="panspeed" value="Pan speed:" />
        <string name="tiltspeed" value="Tilt speed:" />
        <string name="zoomspeed" value="Zoom speed:" />
        <string name="selectnode" value="Select Node:" />
        <string name="setlimits" value="Set up limits:" />
        <string name="tiltmin" value="Tilt min:" />
        <string name="tiltmax" value="Tilt max:" />
        <string name="panmin" value="Pan min:" />
        <string name="panmax" value="Pan max:" />
        <string name="zoommin" value="Zoom min:" />
        <string name="zoommax" value="Zoom max:" />
    </module>
    <module name="LocalVideoSettings" namespace="odm.ui">
        <string name="title" value="Video streaming" />
        <string name="resolution" value="Encoder and resolution(pixels)" />
        <string name="frameRate" value="Frame rate, fps" />
        <string name="encodingInterval" value="Encoding interval" />
        <string name="encoder" value="Encoder" />
        <string name="bitrate" value="Bitrate limit, kbps" />
        <string name="prioriy" value="Priority" />
        <string name="quality" value="Quality" />
        <string name="govLength" value="GOV length" />
        <string name="metadata" value="Metadata stream On/Off" />
        <string name="channelName" value="Channel name" />
        <string name="errorEncoder" value="Model.encoder has invalid value" />
        <string name="errorSupportResolution" value="Selected encoder doesn't support selected resolution" />
    </module>
    <module name="LocalTimeZone" namespace="odm.ui">
        <string name="captionUtc" value="(UTC)" />
        <string name="captionLocal" value="(Local)" />
        <string name="title" value="Time settings" />
        <string name="currentTime" value="Current time" />
        <string name="timeZone" value="Time zone:" />
        <string name="autoAdjustString" value="Automatically adjust for daylight saving time changes." />
        <string name="synchronizeWithComp" value="Synchronize with computer time" />
        <string name="date" value="Date:" />
        <string name="time" value="Time:" />
        <string name="synchronizeWithNtp" value="Synchronize with NTP server" />
        <string name="NTPserver" value="NTP server:" />
        <string name="manually" value="Set manually" />
        <string name="timeMode" value="Time mode:" />
        <string name="ntpServerSetupTitle" value="NTP server setup" />
        <string name="ntpServerSetupSet" value="Set" />
        <string name="warning" value="Warning: the time zone of the device is not the same as the time zone of the PC" />
        <string name="ntpSetupInfo" value="Please go to Network settings link to set up NTP servers"/>
        <string name="fromDHCP" value="From DHCP"/>
        <string name="newDateTime" value="New time:"/>
        <string name="applySuccess" value="Changes have been applied successfully. Please notice that it may affect security aspects and device will be inaccessible in current session."/>
    </module>
    <module name="LocalSnapshot" namespace="odm.ui">
        <string name="loading" value="Loading ..." />
        <string name="imagecorrupt" value="Snapshot image corrupted" />
        <string name="imageloadingerror" value="Snapshot loading error" />
        <string name="disabled" value="Shapshot disabled by user" />
        <string name="snapshot" value="Snapshot" />
    </module>
    <module name="LocalBackgroundTasks" namespace="odm.ui">
        <string name="cancellAllCaption" value="Cancel all running tasks" />
        <string name="removeFinishedCaption" value="Remove all finished tasks " />
    </module>
    <module name="LocalAppSettings" namespace="odm.ui">
        <string name="webbrowser" value="Open web in external browser" />
        <string name="videotransport" value="Video streaming transport" />
        <string name="eventOnlyPullPoint" value="Only PullPoint" />
        <string name="eventOnlyBase" value="Only Base Subscription" />
        <string name="eventTryPullPoint" value="PullPoint if available" />
        <string name="eventTypeCaption" value="Event subscription type" />
        <string name="basePortCaption" value="Base Subscription port number" />
        <string name="collectEventsCaption" value="Save events to disk " />
        <string name="collectMetaCaption" value="Save metadata to disk " />
        <string name="enableCustomAnalyticsCaption" value="Enable plugins " />
        <string name="enableEventCaption" value="Enable events subscription " />
        <string name="enableGraphicAnnotationCaption" value="Enable graphic annotation " />
        <string name="enableSnapshotCaption" value="Enable snapshots " />
        <string name="langCaption" value="Language " />
        <string name="uiCaption" value="User interface settings " />
        <string name="eventCaption" value="Events settings" />
        <string name="communicationCaption" value="Device communication settings " />
        <string name="videoRenderingFpsCaption" value="Video rendering fps " />
        <string name="showVideoPlaybackStatisticsCaption" value="Show video playback statistics " />
        <string name="enableOnlyDefModeCaption" value="Use extended filter editor " /> 
    </module>
    <module name="LocalAccount" namespace="odm.ui">
        <string name="loginCaption" value="Name" />
        <string name="passwordCaption" value="Password" />
        <string name="loginButton" value="Log in"/>
        <string name="logoutButton" value="Log out"/>
        <string name="remember" value="Remember"/>
        <string name="loggedAs" value="You logged in as"/>
    </module>
    <module name="LocalTitles" namespace="odm.ui">
        <string name="webPage" value="Web page" />
        <string name="manualAdd" value="Add device" />
        <string name="manualEdit" value="Edit URI" />
        <string name="uiTest" value="UI Test" />
        <string name="batchUpgrade" value="Batch firmware upgrade" />
        <string name="batchRestore" value="Batch settings restore" />
        <string name="devicesList" value="Device list" />
        <string name="backgroundTasks" value="Background tasks" />
        <string name="identificationAndStatus" value="Identification" />
        <string name="receivers" value="Receivers" />
      <string name="actions" value="Actions" />
      <string name="triggers" value="Triggers" />
        <string name="usermanager" value="User management" />
        <string name="accountmanager" value="Account management" />
        <string name="appsettings" value="Application settings" />
        <string name="about" value="About" />
        <string name="sequrity" value="Certificates" />
        <string name="timesettings" value="Time settings" />
        <string name="networkSettings" value="Network settings" />
        <string name="digitalIO" value="Relays" />
        <string name="maintenance" value="Maintenance" />
        <string name="systemLog" value="System log" />
        <string name="onvifExplorer" value="ONVIF explorer" />
        <string name="commonEvents" value="Common events" />
        <string name="liveVideo" value="Live video" />
        <string name="sensorSettings" value="Imaging settings" />
        <string name="events" value="Events" />
        <string name="metadata" value="Metadata" />
        <string name="depthCalibration" value="Depth calibration" />
        <string name="videoStreaming" value="Video streaming" />
        <string name="displayAnnotation" value="Annotation" />
        <string name="tamperingDetectors" value="Tampering detectors" />
        <string name="objectTracker" value="Object tracker" />
        <string name="ruleEngine" value="Rules" />
        <string name="cantishaker" value="Antishaker" />
        <string name="rotation" value="Rotation" />
        <string name="analogueOutput" value="Analogue output" />
        <string name="profileEditor" value="Profiles" />
        <string name="modules" value="Analytics modules management" />
        <string name="ptz" value="PTZ сontrol" />
        <string name="analytics" value="Analytics" />
        <string name="confAnalyticsModules" value="Configure analytics modules" />
        <string name="analyticsModuleCofig" value="Analytics module configuration" />
        <string name="annotationModuleCofig" value="Annotation module configuration" />
        <string name="regionRuleCofig" value="Region rule config" />
        <string name="wireRuleCofig" value="Trip wire rule config" />
        <string name="configuration" value="Configuration" />
    </module>
    <module name="LocalButtons" namespace="odm.ui">
        <string name="save" value="Save" />
        <string name="add" value="Add" />
        <string name="apply" value="Apply" />
        <string name="continue1" value="Continue" />
        <string name="abort" value="Abort" />
        <string name="finish" value="Finish" />
        <string name="cancel" value="Cancel" />
        <string name="create" value="Create" />
        <string name="delete" value="Delete" />
        <string name="modify" value="Modify" />
        <string name="edit" value="Edit" />
        <string name="select" value="Select" />
        <string name="close" value="Close" />
        <string name="pause" value="Pause" />
        <string name="resume" value="Resume" />
        <string name="details" value="Show details" />
        <string name="background" value="Background" />
        <string name="refresh" value="Refresh" />
    </module>
    <module name="LocalDevice" namespace="odm.ui">
        <string name="currentAccount" value="Current account: " />
        <string name="apply" value="Apply" />
        <string name="accountManager" value="Account manager" />
        <string name="title" value="Device configuration" />
        <string name="languageEng" value="English" />
        <string name="languageRus" value="Русский" />
        <string name="loading" value="Loading ..." />
        <string name="uploading" value="Uploading ..." />
        <string name="downloading" value="Downloading ..." />
        <string name="applying" value="Applying changes..." />
        <string name="information" value="Information" />
        <string name="creating" value="Creating..." />
        <string name="deleting" value="Deleting..." />
        <string name="configuring" value="Cofiguring..." />
    </module>
    <module name="LocalDeviceList" namespace="odm.ui">
        <string name="firmware" value="Firmware" />
        <string name="location" value="Location" />
        <string name="address" value="Address" />
        <string name="refresh" value="Refresh" />
        <string name="manualadd" value="Add" />
        <string name="Filter" value="Filter: " />
        <string name="search" value="name, location or address"/>
    </module>
    <module name="LocalNetworkSettings" namespace="odm.ui">
        <string name="portsHttp" value="HTTP ports:" />
        <string name="portsHttps" value="HTTPS ports:" />
        <string name="portsRtsp" value="RTSP ports:" />
        <string name="hostName" value="Host name:" />
        <string name="zeroCaption" value="Enable zero config:" />
        <string name="ipAddress" value="IP Address:" />
        <string name="ipMask" value="Subnet mask:" />
        <string name="gateway" value="Default gateway:" />
        <string name="dnsFromDhcp" value="Obtain DNS from DHCP:" />
        <string name="dns" value="DNS:" />
        <string name="ntp" value="NTP servers:" />
        <string name="ntpFromDhcp" value="Obtain NTP servers from DHCP:" />
        <string name="dhcp" value="DHCP:" />
        <string name="discoveryMode" value="ONVIF discovery mode:" />
        <string name="applyindNtp" value="Applying new ntp settings..." />
        <string name="applyindDns" value="Applying new dns settings..." />
        <string name="applyindGateway" value="Applying new gateway settings..." />
        <string name="invalidIpForGateway" value="Invalid ip-address for gateway" />
        <string name="applyindZeroConf" value="Applying new zero-configuration settings..." />
        <string name="applyindHostName" value="Applying host name settings" />
        <string name="applyindIp" value="Applying new ip settings..." />
        <string name="on" value="On"/>
        <string name="off" value="Off"/>
        <string name="enable" value="Enable"/>
        <string name="disable" value="Disable"/>
        <string name="fromDhcp" value="DHCP"/>
        <string name="manual" value="Manual" />
        <string name="discoverable" value="Discoverable"/>
        <string name="nonDiscoverable" value="Non-discoverable"/>
    </module>
    <module name="LocalApproAnalytics" namespace="odm.ui">
        <string name="title" value="Appro motion detector" />
        <string name="isEnabled" value="Is enabled" />
        <string name="sensitivity" value="Sensitivity value" />
    </module>
    <module name="LocalUserManagement" namespace="odm.ui">
        <string name="usersCaption" value="Users:" />
        <string name="policiesCaption" value="Policies:" />
        <string name="createUserButton" value="Create" />
        <string name="modifyUserButton" value="Modify" />
        <string name="deleteUserButton" value="Delete" />
        <string name="editPoliciesButton" value="Edit" />
        <string name="downloadPoliciesButton" value="Backup" />
        <string name="uploadPoliciesButton" value="Restore" />
        <string name="nameCaption" value="Name: " />
        <string name="passwordCaption" value="Password: " />
        <string name="repeatPasswordCaption" value="Repeat password: " />
        <string name="roleCaption" value="Role: " />
        <string name="createSuccess" value="User has been created successfully. Please notice that it may affect security aspects and device will be inaccessible in current session." />
        <string name="changeSuccess" value="Changes have been applied successfully. Please notice that it may affect security aspects and device will be inaccessible in current session." />
        <string name="deleteSuccess" value="User has been deleted successfully. Please notice that it may affect security aspects and device will be inaccessible in current session." />
    </module>
    <module name="LocalEvents" namespace="odm.ui">
        <string name="colArrivalTime" value="Arrival time" />
        <string name="colTopic" value="Topic" />
        <string name="colId" value="ID" />
        <string name="colProperty" value="Operation" />
        <string name="colSource" value="Source" />
        <string name="colKey" value="Key" />
        <string name="colData" value="Data" />
        <string name="colMessage" value="Message" />
        <string name="colDetails" value="Details" />
    </module>
    <module name="LocalDisplayAnnotation" namespace="odm.ui">
        <string name="enableMovingRects" value="Annotate moving rects" />
        <string name="enableSpeed" value="Annotate speed" />
        <string name="enableTimeStamp" value="Annotate time stamp" />
        <string name="enableSystemInformation" value="Annotate system information" />
        <string name="enableChannelName" value="Annotate channel name" />
        <string name="enableTracking" value="Annotate tracking" />
        <string name="enableUserRegion" value="Annotate user region" />
        <string name="enableRules" value="Annotate rules" />
        <string name="enableCalibrationResults" value="Annotate calibration results" />
    </module>
    <module name="LocalMaintenance" namespace="odm.ui">
        <string name="loadbuckup" value="Load backup file" />
        <string name="savebuckup" value="Save backup file" />
        <string name="selectfirmware" value="Select firmware file to upgrade" />
        <string name="configurationCaption" value="Configuration" />
        <string name="diagnosticsCaption" value="Diagnostics and support" />
        <string name="hardResetCaption" value="Hard factory reset" />
        <string name="resetCaption" value="Reboot device" />
        <string name="softResetCaption" value="Soft factory reset" />
        <string name="upgradeCaption" value="Firmware" />
        <string name="unsupported" value="Unsupported" />
        <string name="btnBackup" value="Backup" />
        <string name="btnRestore" value="Restore" />
        <string name="btnSoftReset" value="Soft reset" />
        <string name="btnHardReset" value="Hard reset" />
        <string name="btnSoftResetTooltip" value="All parameters are set to their factory default values, except basic network settings like IP address, subnet and gateway or DHCP settings" />
        <string name="btnHardResetTooltip" value="All parameters are set to their factory default values" />
        <string name="factorySoftSuccess" value="Factory default settings except basic network settings like IP address, subnet and gateway or DHCP settings have been applied successfully. Device is being rebooted. Please wait while it appears in the device list." />
        <string name="factoryHardSuccess" value="Factory default settings have been applied successfully. Device is being rebooted. Please wait while it appears in the device list."  />
        <string name="rebootSuccess" value="Device is being rebooted. Please wait while it appears in the device list." />
        <string name="waitWhileAppear" value=" Please wait while the device appears in the device list." />
        <string name="resetting" value="Resetting..." />
        <string name="rebooting" value="Rebooting..." />
        <string name="btnReboot" value="Reboot" />
        <string name="btnUpgrate" value="Upgrade" />
        <string name="uploadingFirmware" value="Firmware is uploading. Please wait.." />
        <string name="upgradingFirmware" value="Upgrading firmware..." />
        <string name="titleupgradingFirmware" value="Upgrading firmware"/>
        <string name="autoclose" value="automatically close when finished" />
        <string name="doingBackup" value="Doing backup ..." />
        <string name="restoreSuccess" value="Device has been restored successfully. Please wait when it will appear in device list." />
        <string name="upgradeCompleteSuccess" value="Upgrade completed successfully" />
        <string name="backupCompleteSuccess" value="Upgrade completed successfully" />
    </module>
    <module name="LocalProfile" namespace="odm.ui">
        <string name="captionVecfg" value="Video Encoder Configuration" />
        <string name="captionAecfg" value="Audio Encoder Configuration" />
        <string name="captionVacfg" value="Video Analytic Configuration" />
        <string name="captionPtzcfg" value="PTZ Configuration" />
        <string name="captionMetacfg" value="Metadata Configuration" />
        <string name="captionVideoSourceConfig" value="Video Source Configuration" />
        <string name="captionAscfg" value="Audio Source Configuration" />
        <string name="captionProfileName" value="Profile name:" />
        <string name="creatingProfile" value="Creating profile..." />
        <string name="modifiedSuccess" value="The profile has been modified successfully. Channel will be reloaded." />
        <string name="modifiedFail" value="Failed to modify profile" />
        <string name="selectFail" value="Failed to select profile" />
        <string name="deleteFail" value="Failed to delete profile" />
        <string name="deleting" value="Deleting profile..." />
        <string name="deletingSuccess" value="The profile has been deleted successfully. Channel will be reloaded." />
    </module>
    <module name="LocalBatchTasks" namespace="odm.ui">
        <string name="batchUpgrade" value="Batch upgrade" />
        <string name="batchRestore" value="Batch restore" />
        <string name="filters" value="Filters: " />
        <string name="firmware" value="Firmware: " />
        <string name="name" value="Name: " />
        <string name="manufacturer" value="Manufacturer: " />
        <string name="model" value="Model: " />
        <string name="address" value="Address: " />
    </module>
    <module name="LocalSequrity" namespace="odm.ui">
        <string name="details" value="Details:" />
        <string name="enterName" value="Enter certificate name:" />
        <string name="selectCertificateHeader" value="Select certificate file" />
        <string name="setStatus" value="Set status" />
        <string name="uploadCertificate" value="Upload Certificate" />
        <string name="btnUpload" value="Upload ..." />
        <string name="validity" value="Validity" />
        <string name="serialNumber" value="Serial number" />
    </module>
    <!--v 1.0-->
    <!-- REGION Common Application -->
    <module name="CommonApplicationStrings" namespace="odm.ui.controls">
        <string name="On" value="On" />
        <string name="Off" value="Off" />
        <string name="Yes" value="Yes" />
        <string name="No" value="No" />
        <string name="contactInfo" value="Contact Info" />
        <string name="details" value="Details :" />
        <string name="startExpanded" value="Start view expanded" />
        <string name="streaming" value="Streaming" />
        <string name="analytics" value="Analytics" />
        <string name="applicationName" value="ONVIF Device Manager" />
        <string name="aboutTitle" value="About ONVIF Device Manager" />
        <string name="aboutCommon" value="Copyright 2011 Synesis &#169;  ONVIF Device Manager is a free software distributed under the GNU General Public License." />
        <string name="aboutRus" value="LLC Synesis Russia, 119019, Moscow Gogolevskiy bulvard, dom 2/18/1, stroenie 1" />
        <string name="aboutBelarus" value="LLC Synesis Belarus, 220043, Minsk pr.-t Nezavisimosti, d. 95, zd. 12, kom. 316" />
        <string name="aboutBelarusPhone" value="+375 (17) 281-77-85" />
        <string name="aboutRusPhone" value="+7 (495) 660-77-47" />
    </module>
    <module name="DeviceControlStrings" namespace="odm.ui.controls">
        <string name="currentAccount" value="Current account: " />
        <string name="apply" value="Apply" />
        <string name="accountManager" value="Account manager" />
        <string name="title" value="Device configuration" />
        <string name="languageEng" value="English" />
        <string name="languageRus" value="Русский" />
        <string name="languagetc" value="繁中" />
    </module>
    <module name="SaveCancelStrings" namespace="odm.ui.controls">
        <string name="save" value="Apply" />
        <string name="apply" value="Apply" />
        <string name="continue1" value="Continue" />
        <string name="abort" value="Abort" />
        <string name="finish" value="Finish" />
        <string name="cancel" value="Cancel" />
        <string name="create" value="Create" />
        <string name="delete" value="Delete" />
        <string name="modify" value="Modify" />
        <string name="select" value="Select" />
        <string name="close" value="Close" />
        <string name="pause" value="Pause" />
        <string name="resume" value="Resume" />
    </module>
    <module name="LinkButtonsStrings" namespace="odm.ui.controls">
        <string name="identificationAndStatus" value="Identification" />
        <string name="usermanager" value="User management" />
        <string name="accountmanager" value="Account management" />
        <string name="properties" value="Properties" />
        <string name="about" value="About" />
        <string name="sequrity" value="Certificates" />
        <string name="timesettings" value="Time settings" />
        <string name="networkSettings" value="Network settings" />
        <string name="digitalIO" value="Relays" />
        <string name="maintenance" value="Maintenance" />
        <string name="systemLog" value="System log" />
        <string name="onvifExplorer" value="ONVIF explorer" />
        <string name="commonEvents" value="Common events" />
        <string name="liveVideo" value="Live video" />
        <string name="sensorSettings" value="Imaging settings" />
        <string name="events" value="Events" />
        <string name="metadata" value="Metadata" />
        <string name="depthCalibration" value="Depth calibration" />
        <string name="videoStreaming" value="Video streaming" />
        <string name="displayAnnotation" value="Annotation" />
        <string name="tamperingDetectors" value="Tampering detectors" />
        <string name="objectTracker" value="Object tracker" />
        <string name="ruleEngine" value="Rules" />
        <string name="cantishaker" value="Antishaker" />
        <string name="rotation" value="Rotation" />
        <string name="analogueOutput" value="Analogue output" />
        <string name="profileEditor" value="Profiles" />
        <string name="modules" value="Analytics modules management" />
        <string name="ptz" value="PTZ сontrol" />
        <string name="analytics" value="Analytics" />
        <string name="confAnalyticsModules" value="Configure analytics modules" />
        <string name="analyticsModuleCofig" value="Analytics module config" />
        <string name="annotationModuleCofig" value="Annotation module config" />
        <string name="regionRuleCofig" value="Region rule config" />
        <string name="wireRuleCofig" value="Trip wire rule config" />
        <string name="configuration" value="Configuration" />

        <string name="nvaControls" value="Controls" />
        <string name="nvaAnalytics" value="Analytics" />
        <string name="nvaInputs" value="Inputs" />
        <string name="nvaMetadata" value="Metadata" />
        <string name="nvaSettings" value="Settings" />
    </module>
    <module name="InfoFormStrings" namespace="odm.controllers">
        <string name="titleSave" value="Saving changes..." />
        <string name="titleInfo" value="Information ..." />
        <string name="close" value="Close" />
        <string name="refresh" value="Refresh" />
        <string name="applyChangesTitle" value="Applying ..." />
        <string name="loadingData" value="Loading ..." />
        <string name="ifoTitle" value="Information ..." />
        <string name="errorTitle" value="ERROR ..." />
        <string name="applyChanges" value="Please wait until changes will be applied" />
        <string name="needToReboot" value="Device need to be rebooted. Please refresh devices list." />
        <string name="firmwareUpdated" value="Firmware update is complete. Please wait for your device to reboot." />
    </module>
    <module name="EmptySelectionStrings" namespace="odm.ui.controls">
        <string name="title" value="No connected devices." />
        <string name="text" value="Please check the device is properly connected, or contact support." />
        <string name="textContacts" value="" />
        <!--<string name="sNotifierImg" value="Resources\Images\BigLogo.png" />-->
    </module>
    <!-- ENDOFREGION Common Application -->

    <!-- REGION Errors -->
    <module name="ExceptionStrings" namespace="odm">
        <string name="sExceptionWSDiscoveryTitle" value="WSDiscovery error" />
        <string name="sErrorDevInfoNull" value="Error was during device configuration reading. Please refresh devices list" />
        <string name="sErrorDeviceName" value="none" />
        <!--<string name="sErrorDeviceIPAddress" value="0.0.0.0" />-->
        <string name="sErrorDeviceFirmware" value="none" />
        <string name="sErrorSaveVideoStreaming" value="Error was during saving video streaming settings. Please refresh device." />
        <string name="sErrorSaveNetworkSettings" value="Error was during saving network settings. Please refresh device." />
        <string name="sErrorSaveDeviceNameSettings" value="Error was during saving device name. Please refresh device." />
        <string name="sErrorVlc" value="Media stream error" />
        <string name="sErrorVlcPlayer" value="Cann't play media stream." />
        <string name="sErrorVlcMediaUriIsEmpty" value="Stream uri is emtpy" />
        <string name="sErrorVlcMediaUriIsBad" value="Stream uri is unknown" />
        <string name="sErrorNotAuthorized" value="Authorization error. Please select account with proper rights." />
        <string name="sErrorNameNotUnique" value="Name '{0}' has been already taken." />

        <!-- identification binding errors -->
        <string name="errBindName" value="Name value incorrect: " />
        <string name="errBindFirmwareVer" value="Firmware value incorrect: " />
        <string name="errBindDeviceID" value="Device Id value incorrect: " />
        <string name="errBindHardwareVer" value="Hardware Ver. value incorrect: " />
        <string name="errBindNetworkIPAddress" value="Network IP Address value incorrect: " />
        <string name="errBindMACAddress" value="MAC Address value incorrect: " />
        <string name="errBinddateTime" value="DateTime value incorrect: " />

        <!-- timeSettings binding errors -->
        <string name="errBind2" value="value incorrect: " />

        <!-- networkSettings binding errors -->
        <string name="errBindNetworkSetMac" value="Mac address value incorrect: " />
        <string name="errBindStaticDns" value="Static dns value incorrect: " />
        <string name="errBindStaticGateway" value="Static gateway value incorrect: " />
        <string name="errBindSubnetMask" value="Subnet mask value incorrect: " />
        <string name="errBindStaticIp" value="Static ip value incorrect: " />
        <string name="errBindDhcp" value="Dhcp value incorrect: " />

        <!-- digitalIO binding errors -->
        <string name="errBind4" value="value incorrect: " />

        <!-- maintenance binding errors -->
        <string name="errBindCurrentFirmwareVersion" value="Current firmware version value incorrect: " />
        <string name="errBindFirmwareUpgradeSupported" value="Upgrade suported value Null" />
        <!-- commonEvents binding errors -->
        <string name="errBind6" value="value incorrect: " />

        <!-- events binding errors -->
        <string name="errBindEventSnapShot" value="Snap shot incorrect" />

        <!-- depthCalibration binding errors -->
        <string name="errBindFocalLength" value="Focal length value incorrect: " />
        <string name="errBindSensorPixelSize" value="Sensor pixel size value incorrect: " />
        <string name="errBindMatrixFormat" value="Matrix format value incorrect: " />

        <!-- videoStreaming binding errors -->
        <string name="errBindVStrBitrateMinMax" value="Bitrate minimun/maximun value incorrect" />
        <string name="errBindVStrBitrate" value="Bitrate value incorrect: " />
        <string name="errBindVStrCurrentEncoder" value="Encoder value incorrect: " />
        <string name="errBindVStrcurrentResolution" value="Resolution value incorrect: " />
        <string name="errBindVStrMetadata" value="Metadata value incorrect: " />
        <string name="errBindVStrChannelName" value="Channel name value incorrect: " />
        <string name="errBindVStrFrameRate" value="Frame rate value incorrect: " />
        <string name="errBindVStrFrameRateMinMax" value="Frame rate min/max value incorrect" />

        <!-- displayAnnotation binding errors -->
        <string name="errBindMovingRects" value="Moving rects value incorrect: " />
        <string name="errBindTimeStamp" value="Time stamp value incorrect: " />
        <string name="errBindTracking" value="Tracking value incorrect: " />
        <string name="errBindSpeed" value="Speed value incorrect: " />
        <string name="errBindUserRegion" value="User region value incorrect: " />
        <string name="errBindChannelName" value="Channel name value incorrect: " />
        <!-- tamperingDetectors binding errors -->
        <string name="errBind11" value="value incorrect: " />

        <!-- objectTracker binding errors -->
        <string name="errBindContrastSensitivity" value="Contrast sensitivity value incorrect: " />
        <string name="errBindMinMaxObjectArea" value="Min object area Greater than Max object ares" />
        <string name="errBindObjectArea" value="Object area value incorrect" />
        <string name="errBindMaxObjectSpeed" value="Max object speed value incorrect: " />
        <string name="errBindStabilizationTime" value="Stabilization time value incorrect: " />

        <!-- ruleEngine binding errors -->
        <string name="errBind13" value="value incorrect: " />
        <!-- cantishaker binding errors -->
        <string name="errBind14" value="value incorrect: " />
        <!-- rotation binding errors -->
        <string name="errBind15" value="value incorrect: " />
        <!-- analogueOutput binding errors -->
        <string name="errBind16" value="value incorrect: " />
    </module>
    <!-- ENDOFREGION Errors -->
    <!-- REGION Device settings -->
    <module name="PropertyOnvifExplorerStrings" namespace="odm.ui.controls">
        <string name="title" value="Onvif explorer" />
        <string name="save" value="Save" />
    </module>

    <module name="PropertyIdentificationStrings" namespace="odm.ui.controls">
        <string name="title" value="Identification" />
        <string name="name" value="Name" />
        <string name="location" value="Location" />
        <string name="curTime" value="Current time" />
        <string name="deviceID" value="Device ID" />
        <string name="firmware" value="Firmware" />
        <string name="hardware" value="Hardware" />
        <string name="version" value="ONVIF version" />
        <string name="ipAddress" value="IP address" />
        <string name="macAddress" value="MAC address" />
        <string name="manufacturer" value="Manufacturer" />
        <string name="model" value="Model" />
    </module>
    <module name="PropertyTimeZoneStrings" namespace="odm.ui.controls">
        <string name="title" value="Time settings" />
        <string name="currentTime" value="Current time" />
        <string name="timeZone" value="Time zone:" />
        <string name="timeSettings" value="Time settings:" />
        <string name="autoAdjustString" value="Automatically adjust for daylight saving time changes." />
        <string name="synchronizeWithComp" value="Synchronize with computer time" />
        <string name="date" value="Date:" />
        <string name="time" value="Time:" />
        <string name="synchronizeWithNtp" value="Synchronize with NTP server" />
        <string name="NTPserver" value="NTP server:" />
        <string name="manually" value="Set manually" />
        <string name="timeMode" value="Time mode:" />
        <string name="ntpServerSetupTitle" value="NTP server setup" />
        <string name="ntpServerSetupSet" value="Set" />
        <string name="warning" value="Warning: the time zone of the device is not the same as the time zone of the PC" />
        <string name="ntpSetupInfo" value="Please go to Network settings link to set up NTP servers"/>
        <string name="fromDHCP" value="From DHCP"/>
        <string name="newDateTime" value="New time:"/>
        <string name="applySuccess" value="Changes have been applied successfully. Please notice that it may affect security aspects and device will be inaccessible in current session."/>
    </module>
    <module name="PropertyNetworkSettingsStrings" namespace="odm.ui.controls">
        <string name="title" value="Network settings" />
        <string name="dhcp" value="DHCP" />
        <string name="ipAddr" value="Device IP address " />
        <string name="subnetMask" value="Subnet mask" />
        <string name="gateAddr" value="Gateway address" />
        <string name="dnsAddr" value="DNS address" />
        <string name="ntpAddr" value="NTP address" />
        <string name="obtainNtp" value="Obtain NTP from DHCP" />
        <string name="obtainDns" value="Obtain DNS from DHCP" />
        <string name="macAddr" value="MAC address" />
    </module>
    <module name="PropertyDigitalIOStrings" namespace="odm.ui.controls">
        <string name="outputs" value="Digital outputs (relays)" />
        <string name="relayOptions" value="Relay options:" />
        <string name="relayState" value="Relay state:" />
        <string name="relayToken" value="Relay token" />
        <string name="relayMode" value="Relay mode" />
        <string name="relayIdleState" value="Relay idle state" />
        <string name="delayTime" value="Delay time" />
        <string name="btnSet" value="Set" />
        <string name="btnActivate" value="Activate" />
        <string name="btnDeactivate" value="Deactivate" />
    </module>
    <module name="CommonEventsStrings" namespace="odm.ui.controls">
        <string name="title" value="Common events" />
        <string name="ruleID" value="Rule ID" />
        <string name="eventID" value="Event ID" />
        <string name="dateTime" value="Date/Time" />
        <string name="type" value="Type" />
        <string name="details" value="Details" />
    </module>
    <module name="ActionEngineStrings" namespace="odm.ui.activities">
      <string name="actionToken" value="Token" />
      <string name="actionName" value="Name" />
      <string name="actionType" value="Type" />
      <string name="actionSimpleItems" value="Simple Parameters" />
      <string name="triggerToken" value="Token" />
      <string name="triggerTopicExpression" value="Topic filter" />
      <string name="addTriggerTopicExprPart" value="Add"/>
      <string name="addTriggerTopicExprPartTooltip" value="Add an alternative topic"/>
      <string name="triggerContentExpression" value="Content filter" />
      <string name="triggerAvailableActions" value="Available Actions" />
      <string name="triggerIncludedActions" value="Scheduled Actions" />
      <string name="triggerAddAction" value="Add &gt;" />
      <string name="triggerRemoveAction" value="&lt; Del" />
    </module>
    <!-- ENDOFREGION Device settings -->

    <!-- REGION Chanels settings -->
    <module name="AnalyticsStrings" namespace="odm.ui.controls">
        <string name="setNameCaption" value="Set name:" />
        <string name="setTypeCaption" value="Set type:" />
        <string name="setNameType" value="Set analytics configuration data" />
        <string name="modules" value="Available modules :" />
        <string name="rules" value="Available rules :" />
    </module>
    <module name="PropertyProfileEditorStrings" namespace="odm.ui.controls">
        <string name="title" value="Profiles" />
        <string name="profdetails" value="Profile details" />
        <string name="newProf" value="New" />
        <string name="rename" value="Rename" />
        <string name="delete" value="Delete" />
        <string name="select" value="Apply" />
    </module>
    <module name="PropertyModulesStrings" namespace="odm.ui.controls">

    </module>
    <module name="PropertyPTZStrings" namespace="odm.ui.controls">
        <string name="presets" value="Presets:" />
        <string name="settings" value="Settings:" />
        <string name="quicksets" value="Quick sets:" />
        <string name="zoom" value="Relative Zoom:" />
        <string name="absoluteZoom" value="Absolute Zoom:" />
        <string name="relativemove" value="Relative move:" />
        <string name="absolute" value="Absolute move:" />
        <string name="select" value="Select" />
        <string name="delete" value="Delete" />
        <string name="apply" value="Apply" />
        <string name="go_to" value="Goto" />
        <string name="sethome" value="Set Home position" />
        <string name="setpreset" value="Set Preset" />
        <string name="panspeed" value="Pan speed:" />
        <string name="tiltspeed" value="Tilt speed:" />
        <string name="zoomspeed" value="Zoom speed:" />
        <string name="selectnode" value="Select Node:" />
        <string name="setlimits" value="Set up limits:" />
        <string name="tiltmin" value="Tilt min:" />
        <string name="tiltmax" value="Tilt max:" />
        <string name="panmin" value="Pan min:" />
        <string name="panmax" value="Pan max:" />
        <string name="zoommin" value="Zoom min:" />
        <string name="zoommax" value="Zoom max:" />
    </module>
    <module name="PropertyLiveVideoStrings" namespace="odm.ui.controls">
        <string name="title" value="Live video" />
        <string name="folder" value="Select" />
    </module>
    <module name="PropertyChannelEventsStrings" namespace="odm.ui.controls">
        <string name="title" value="Events" />
        <string name="ruleID" value="Rule ID" />
        <string name="eventID" value="Event ID" />
        <string name="dateTime" value="Date/Time" />
        <string name="type" value="Type" />
        <string name="details" value="Details" />
    </module>
    <module name="PropertyDepthCalibrationStrings" namespace="odm.ui.controls">
        <string name="focalLength" value="Focal length, mm" />
        <string name="sensorPixel" value="Photosensor pixel size, m*" />
        <string name="matrixFormat" value="Matrix format" />
        <string name="heightMarker" value="Height marker" />
        <string name="marker2D" value="2D-marker" />
        <string name="physHeight" value="Marker real heigth, cm" />
        <string name="physWidth" value="Marker real width, cm" />
        <string name="infoMarker1" value="INFO: proportions of marker #1 are not valid. Please increase its width, or reduce its height." />
        <string name="infoMarker2" value="INFO: proportions of marker #2 are not valid. Please increase its width, or reduce its height." />
        <string name="infoMarkerWhidth" value="INFO: The width of the lower marker must be greater than the upper marker." />
        <string name="infoDisplacement" value="INFO: The depth of the scene is not enough. Please extend the distance between the upper and the lower markers. The distance must be not less than 1 / 4 of screen." />
    </module>
    <module name="PropertyVideoStreamingStrings" namespace="odm.ui.controls">
        <string name="title" value="Video streaming" />
        <string name="resolution" value="Encoder and resolution(pixels)" />
        <string name="frameRate" value="Frame rate, fps" />
        <string name="encodingInterval" value="Encoding interval" />
        <string name="encoder" value="Encoder" />
        <string name="bitrate" value="Bitrate limit, kbps" />
        <string name="prioriy" value="Priority" />
        <string name="quality" value="Quality" />
        <string name="govLength" value="GOV length" />
        <string name="metadata" value="Metadata stream On/Off" />
        <string name="channelName" value="Channel name" />
    </module>
    <module name="PropertyTamperingDetectorsStrings" namespace="odm.ui.controls">
        <string name="cameraRedirected" value="Camera redirected" />
        <string name="cameraRedirectedTip" value="To enable this detector you should also enable Antishaker" />
        <string name="imageTooDark" value="Image too dark" />
        <string name="cameraObstructed" value="Camera obstructed" />
        <string name="cameraObstructedTip" value="To enable this detector you should also enable Object Tracker" />
        <string name="imageTooBlurry" value="Image too blurry" />
        <string name="imageTooBright" value="Image too bright" />
        <string name="imageTooNoisy" value="Image too noisy" />
    </module>
    <module name="PropertyObjectTrackerStrings" namespace="odm.ui.controls">
        <string name="useObjectTracker" value="Enable object tracker" />
        <string name="contrast" value="Contrast sensitivity" />
        <string name="areaMin" value="Object area min, m*m" />
        <string name="areaMax" value="Object area max, m*m" />
        <string name="speedMax" value="Speed max, m/s" />
        <string name="stabilization" value="Stabilization time, ms" />
        <string name="displacement" value="Displacement sensitivity" />
        <string name="direction" value="Direction" />
        <string name="all" value="All" />
        <string name="none" value="None" />
        <string name="sensitivity" value="Sensitivity" />
    </module>
    <module name="PropertyRuleEngineStrings" namespace="odm.ui.controls">
        <string name="enableRule" value="Motion" />
        <string name="btnAdd" value="Add" />
        <string name="btnRemove" value="Remove" />
        <string name="name" value="Name" />
        <string name="groupRule" value="Generate alarm when:" />
        <string name="groupAction" value="Upon alarm:" />
        <string name="moving" value="Moving " />
        <string name="meters" value="m" />
        <string name="movingInDirections" value="in directions:" />
        <string name="loitering" value="Loitering " />
        <string name="runtime" value="during " />
        <string name="seconds" value="s" />
        <string name="within" value="s within" />
        <string name="running" value="Speeding over " />
        <string name="speed" value=" m/s" />
        <string name="speed_kmh" value=" km/h" />
        <string name="abandoning" value="Abandoned item" />
        <string name="sendOnvif" value="Send ONVIF message" />
        <string name="setFramerate" value="Set Framerate to" />
        <string name="fps" value="fps" />
        <string name="turnOnRelay" value="Turn on" />
        <string name="direction" value="Direction: " />
        <string name="turnOnAnalog" value="Turn on analogue output" />
        <string name="record" value="Record to local or network drive" />
        <string name="ptz" value="Target PTZ-camera" />
    </module>
    <module name="PropertyAntishakerStrings" namespace="odm.ui.controls">
        <string name="useAntishaker" value="Enable antishaker" />
        <string name="enableDisplacement" value="Enable camera redirected event" />
        <string name="enableOutputShift" value="Enable stabilization of output picture" />
    </module>
    <module name="PropertyRotationStrings" namespace="odm.ui.controls">
        <string name="title" value="Rotation" />
        <string name="rotate" value="Rotation:" />
        <string name="rotate0" value="0'(None)" />
        <string name="rotate90" value="90'" />
        <string name="rotate180" value="180'" />
        <string name="rotate270" value="270'" />
        <string name="flip" value="Flip:" />
        <string name="flipH0" value="None" />
        <string name="flipH" value="Horizontal" />
        <string name="flipV0" value="None" />
        <string name="flipV" value="Vertical" />
    </module>
    <module name="PropertyAnalogueOutputStrings" namespace="odm.ui.controls">
        <string name="title" value="Analogue output" />
        <string name="loop" value="Loop-through" />
        <string name="digital" value="Digital processing" />
        <string name="off" value="Off" />
    </module>
    <!-- ENDOFREGION Chanels settings -->

</localized-strings>